{"cameraMode":{"drawMode":0,"name":"Shaded","section":"Shading Mode"},"sceneLighting":false,"audioPlay":false,"sceneViewState":{"showFog":false,"showMaterialUpdate":false,"showSkybox":false,"showFlares":false,"showImageEffects":false,"showParticleSystems":false},"in2DMode":false,"pivot":{"x":0.36959266662597659,"y":2.1702845096588136,"z":-8.287223815917969},"rotation":{"x":0.013122760690748692,"y":0.9582899212837219,"z":-0.044592585414648059,"w":0.2819991111755371},"size":15.227020263671875,"orthographic":false}