{"cameraMode":{"drawMode":0,"name":"Shaded","section":"Shading Mode"},"sceneLighting":false,"audioPlay":false,"sceneViewState":{"showFog":false,"showMaterialUpdate":false,"showSkybox":false,"showFlares":false,"showImageEffects":false,"showParticleSystems":false},"in2DMode":false,"pivot":{"x":-6.627220153808594,"y":18.97866439819336,"z":42.048179626464847},"rotation":{"x":-0.08419167995452881,"y":0.705805242061615,"z":-0.08510560542345047,"w":-0.6982261538505554},"size":45.02717971801758,"orthographic":false}