{"cameraMode":{"drawMode":0,"name":"Shaded","section":"Shading Mode"},"sceneLighting":true,"audioPlay":false,"sceneViewState":{"showFog":false,"showMaterialUpdate":false,"showSkybox":true,"showFlares":false,"showImageEffects":false,"showParticleSystems":false},"in2DMode":false,"pivot":{"x":20.16165542602539,"y":3.625082015991211,"z":26.02547264099121},"rotation":{"x":0.22310318052768708,"y":-0.005262269172817469,"z":0.001204410451464355,"w":0.9747805595397949},"size":206.1478271484375,"orthographic":false}