{"cameraMode":{"drawMode":0,"name":"Shaded","section":"Shading Mode"},"sceneLighting":false,"audioPlay":false,"sceneViewState":{"showFog":false,"showMaterialUpdate":false,"showSkybox":false,"showFlares":false,"showImageEffects":false,"showParticleSystems":false},"in2DMode":false,"pivot":{"x":49.9775390625,"y":21.82754135131836,"z":61.87953186035156},"rotation":{"x":-0.05724943056702614,"y":0.6246106624603272,"z":-0.0459904782474041,"w":-0.7774824500083923},"size":29.783981323242189,"orthographic":false}