{"cameraMode":{"drawMode":0,"name":"Shaded","section":"Shading Mode"},"sceneLighting":true,"audioPlay":false,"sceneViewState":{"showFog":false,"showMaterialUpdate":false,"showSkybox":true,"showFlares":false,"showImageEffects":false,"showParticleSystems":false},"in2DMode":false,"pivot":{"x":5.097622871398926,"y":4.695829391479492,"z":5.360753059387207},"rotation":{"x":-0.10280942171812058,"y":0.8653901219367981,"z":-0.1983480006456375,"w":-0.44855156540870669},"size":3.7511167526245119,"orthographic":false}