{"cameraMode":{"drawMode":0,"name":"Shaded","section":"Shading Mode"},"sceneLighting":true,"audioPlay":false,"sceneViewState":{"showFog":false,"showMaterialUpdate":false,"showSkybox":true,"showFlares":false,"showImageEffects":false,"showParticleSystems":false},"in2DMode":false,"pivot":{"x":2.771099805831909,"y":2.873527765274048,"z":18.244525909423829},"rotation":{"x":-0.0005962533759884536,"y":0.9989756345748901,"z":-0.01379636861383915,"w":-0.04318171367049217},"size":4.481115341186523,"orthographic":false}