{"cameraMode":{"drawMode":0,"name":"Shaded","section":"Shading Mode"},"sceneLighting":true,"audioPlay":false,"sceneViewState":{"showFog":false,"showMaterialUpdate":false,"showSkybox":true,"showFlares":false,"showImageEffects":false,"showParticleSystems":false},"in2DMode":false,"pivot":{"x":4.01171875,"y":-3.78265380859375,"z":-1.330047607421875},"rotation":{"x":-0.08765000104904175,"y":0.9000687003135681,"z":-0.21341438591480256,"w":-0.3696611523628235},"size":352.2145690917969,"orthographic":false}