{"cameraMode":{"drawMode":0,"name":"Shaded","section":"Shading Mode"},"sceneLighting":true,"audioPlay":false,"sceneViewState":{"showFog":false,"showMaterialUpdate":false,"showSkybox":true,"showFlares":false,"showImageEffects":false,"showParticleSystems":false},"in2DMode":false,"pivot":{"x":2.1219282150268556,"y":0.8929836750030518,"z":-1.4476566314697266},"rotation":{"x":-0.029603255912661554,"y":0.9059808850288391,"z":-0.06425955146551132,"w":-0.41736647486686709},"size":27.067852020263673,"orthographic":false}