{"cameraMode":{"drawMode":2,"name":"Shaded Wireframe","section":"Shading Mode"},"sceneLighting":true,"audioPlay":false,"sceneViewState":{"showFog":true,"showMaterialUpdate":false,"showSkybox":true,"showFlares":true,"showImageEffects":true,"showParticleSystems":true,"showVisualEffectGraphs":true,"m_FxEnabled":false},"in2DMode":false,"pivot":{"x":-3.9673657417297365,"y":2.1037306785583498,"z":30.510210037231447},"rotation":{"x":0.7197239398956299,"y":-0.0010426928056403995,"z":0.0010780432494357229,"w":0.6942710280418396},"size":14.671223640441895,"orthographic":false}