{"cameraMode":{"drawMode":2,"name":"Shaded Wireframe","section":"Shading Mode"},"sceneLighting":true,"audioPlay":false,"sceneViewState":{"showFog":true,"showMaterialUpdate":false,"showSkybox":true,"showFlares":true,"showImageEffects":true,"showParticleSystems":true,"showVisualEffectGraphs":true,"m_FxEnabled":false},"in2DMode":false,"pivot":{"x":-5.964879512786865,"y":0.17241382598876954,"z":30.728912353515626},"rotation":{"x":0.19080127775669099,"y":0.014723854139447213,"z":-0.002862166613340378,"w":0.9815148711204529},"size":11.537569046020508,"orthographic":false}