{"cameraMode":{"drawMode":0,"name":"Shaded","section":"Shading Mode"},"sceneLighting":false,"audioPlay":false,"sceneViewState":{"showFog":false,"showMaterialUpdate":false,"showSkybox":false,"showFlares":false,"showImageEffects":false,"showParticleSystems":false},"in2DMode":false,"pivot":{"x":225.1107177734375,"y":-1.4758491516113282,"z":221.392333984375},"rotation":{"x":0.1481865644454956,"y":-0.6566489934921265,"z":0.1337931603193283,"w":0.727291464805603},"size":37.751976013183597,"orthographic":false}