{"cameraMode":{"drawMode":0,"name":"Shaded","section":"Shading Mode"},"sceneLighting":true,"audioPlay":false,"sceneViewState":{"showFog":false,"showMaterialUpdate":false,"showSkybox":true,"showFlares":false,"showImageEffects":false,"showParticleSystems":false},"in2DMode":false,"pivot":{"x":-116.56941223144531,"y":-6.062156677246094,"z":-12.630525588989258},"rotation":{"x":0.07249173521995545,"y":-0.7182379961013794,"z":0.07569330930709839,"w":0.6878587007522583},"size":88.82795715332031,"orthographic":false}