{"cameraMode":{"drawMode":0,"name":"Shaded","section":"Shading Mode"},"sceneLighting":false,"audioPlay":false,"sceneViewState":{"showFog":false,"showMaterialUpdate":false,"showSkybox":false,"showFlares":false,"showImageEffects":false,"showParticleSystems":false},"in2DMode":false,"pivot":{"x":-264.6087646484375,"y":4.739562511444092,"z":-722.5418090820313},"rotation":{"x":0.0008120259153656662,"y":0.999188244342804,"z":0.028484588488936425,"w":-0.028484590351581575},"size":9.680741310119629,"orthographic":false}