{"cameraMode":{"drawMode":0,"name":"Shaded","section":"Shading Mode"},"sceneLighting":false,"audioPlay":false,"sceneViewState":{"showFog":false,"showMaterialUpdate":false,"showSkybox":false,"showFlares":false,"showImageEffects":false,"showParticleSystems":false},"in2DMode":false,"pivot":{"x":-261.1039733886719,"y":2.98396372795105,"z":-727.3272094726563},"rotation":{"x":-0.00022771935618948191,"y":-0.9993830323219299,"z":0.034492380917072299,"w":-0.006597858387976885},"size":11.189251899719239,"orthographic":false}