{"cameraMode":{"drawMode":0,"name":"Shaded","section":"Shading Mode"},"sceneLighting":true,"audioPlay":false,"sceneViewState":{"showFog":false,"showMaterialUpdate":false,"showSkybox":true,"showFlares":false,"showImageEffects":false,"showParticleSystems":false},"in2DMode":false,"pivot":{"x":29.24876594543457,"y":7.002235412597656,"z":20.955846786499025},"rotation":{"x":-0.16135068237781526,"y":-0.37625497579574587,"z":0.0667194202542305,"w":-0.9099183082580566},"size":17.533594131469728,"orthographic":false}