{"cameraMode":{"drawMode":0,"name":"Shaded","section":"Shading Mode"},"sceneLighting":false,"audioPlay":false,"sceneViewState":{"showFog":false,"showMaterialUpdate":false,"showSkybox":false,"showFlares":false,"showImageEffects":false,"showParticleSystems":false},"in2DMode":false,"pivot":{"x":0.07139301300048828,"y":0.010513544082641602,"z":0.2550485134124756},"rotation":{"x":0.009227178059518338,"y":0.9863138794898987,"z":-0.15360990166664124,"w":0.05924959108233452},"size":2.5097649097442629,"orthographic":false}