{"cameraMode":{"drawMode":0,"name":"Shaded","section":"Shading Mode"},"sceneLighting":true,"audioPlay":false,"sceneViewState":{"showFog":false,"showMaterialUpdate":false,"showSkybox":true,"showFlares":false,"showImageEffects":false,"showParticleSystems":false},"in2DMode":false,"pivot":{"x":14.682907104492188,"y":10.43809700012207,"z":42.103240966796878},"rotation":{"x":0.10596077144145966,"y":-0.6902472972869873,"z":0.10326201468706131,"w":0.7082872986793518},"size":31.2921085357666,"orthographic":false}