{"cameraMode":{"drawMode":0,"name":"Shaded","section":"Shading Mode"},"sceneLighting":false,"audioPlay":false,"sceneViewState":{"showFog":false,"showMaterialUpdate":false,"showSkybox":false,"showFlares":false,"showImageEffects":false,"showParticleSystems":false},"in2DMode":false,"pivot":{"x":100.66419219970703,"y":2.796391010284424,"z":95.33777618408203},"rotation":{"x":0.0008643063483759761,"y":0.9933103919029236,"z":-0.11524026840925217,"w":0.007449975237250328},"size":139.3913116455078,"orthographic":false}